L,ALPHA,fold_loglosses_json,logloss_mean,logloss_std
5,0.0,"{""2019/2020"": 1.8258595926360959, ""2020/2021"": 1.845184868449324, ""2021/2022"": 1.8506336348342813, ""2022/2023"": 1.851013368231625, ""2023/2024"": 1.8507270642156277}",1.844683705673391,0.01080031091403846
5,0.02,"{""2019/2020"": 1.8276309909471542, ""2020/2021"": 1.8451608549642369, ""2021/2022"": 1.8509796568731032, ""2022/2023"": 1.8513887762063703, ""2023/2024"": 1.850546729508714}",1.8451414016999155,0.010111223263923547
5,0.05,"{""2019/2020"": 1.8281250063665975, ""2020/2021"": 1.8445419618355123, ""2021/2022"": 1.8508972855987584, ""2022/2023"": 1.8519557024032802, ""2023/2024"": 1.8509895377314685}",1.8453018987871235,0.010044324644944732
5,0.1,"{""2019/2020"": 1.8297107007115745, ""2020/2021"": 1.844974210507875, ""2021/2022"": 1.850663561257365, ""2022/2023"": 1.8516913594514308, ""2023/2024"": 1.8514713082387666}",1.8457022280334023,0.00935448775347665
5,0.15,"{""2019/2020"": 1.8308015794592438, ""2020/2021"": 1.8456367852791415, ""2021/2022"": 1.850253011345615, ""2022/2023"": 1.8516901633070255, ""2023/2024"": 1.851342457229184}",1.845944799324042,0.008805063734951121
5,0.2,"{""2019/2020"": 1.8300827796759211, ""2020/2021"": 1.8459894186146721, ""2021/2022"": 1.8492472879556803, ""2022/2023"": 1.8522329660574592, ""2023/2024"": 1.852067218521379}",1.8459239341650222,0.009213237355585692
5,0.25,"{""2019/2020"": 1.831011469383769, ""2020/2021"": 1.8465887027795849, ""2021/2022"": 1.8486981485521956, ""2022/2023"": 1.852308772690809, ""2023/2024"": 1.85212227508818}",1.8461458736989076,0.008795724757596515
5,0.35,"{""2019/2020"": 1.8313576229073767, ""2020/2021"": 1.8464747843666816, ""2021/2022"": 1.8489425865590685, ""2022/2023"": 1.851907389904525, ""2023/2024"": 1.8538182052424883}",1.8465001177960283,0.008917040462273236
5,0.5,"{""2019/2020"": 1.832141323631663, ""2020/2021"": 1.8456564034649208, ""2021/2022"": 1.8492754527817887, ""2022/2023"": 1.8524294140644648, ""2023/2024"": 1.8548615617255468}",1.8468728311336768,0.008929796059756683
10,0.0,"{""2019/2020"": 1.8277382843239551, ""2020/2021"": 1.8461333012417038, ""2021/2022"": 1.8480450867185263, ""2022/2023"": 1.8482433197127703, ""2023/2024"": 1.848319159962446}",1.8436958303918805,0.00896598302879054
10,0.02,"{""2019/2020"": 1.8268934546229982, ""2020/2021"": 1.84537123270978, ""2021/2022"": 1.847722553361874, ""2022/2023"": 1.8482147936507285, ""2023/2024"": 1.8481699138478214}",1.8432743896386405,0.009231626244136265
10,0.05,"{""2019/2020"": 1.8268940045219528, ""2020/2021"": 1.8446702028958022, ""2021/2022"": 1.848043433782766, ""2022/2023"": 1.8491356347644936, ""2023/2024"": 1.8479601548631153}",1.8433406861656259,0.009344753973289927
10,0.1,"{""2019/2020"": 1.8278610548960328, ""2020/2021"": 1.8441578178273692, ""2021/2022"": 1.8486937052417982, ""2022/2023"": 1.8491206938545681, ""2023/2024"": 1.8482623191637797}",1.8436191181967096,0.009030294013736949
10,0.15,"{""2019/2020"": 1.829105056175878, ""2020/2021"": 1.843638056486208, ""2021/2022"": 1.8483787544252543, ""2022/2023"": 1.849808793936634, ""2023/2024"": 1.848196317687553}",1.8438253957423054,0.008549306709417082
10,0.2,"{""2019/2020"": 1.8287122605900739, ""2020/2021"": 1.844846855374573, ""2021/2022"": 1.8492812960595801, ""2022/2023"": 1.8495301843270362, ""2023/2024"": 1.8478788833736235}",1.8440498959449774,0.008774116127148254
10,0.25,"{""2019/2020"": 1.8301918463251259, ""2020/2021"": 1.8451275766280448, ""2021/2022"": 1.85044619940571, ""2022/2023"": 1.8504534391902439, ""2023/2024"": 1.848018132277505}",1.844847438765326,0.008480735902857224
10,0.35,"{""2019/2020"": 1.8315786003641976, ""2020/2021"": 1.8455004428946982, ""2021/2022"": 1.849768780797576, ""2022/2023"": 1.850809150579748, ""2023/2024"": 1.850314612751462}",1.8455943174775364,0.008114045760373837
10,0.5,"{""2019/2020"": 1.8326678159186003, ""2020/2021"": 1.8465816675721065, ""2021/2022"": 1.848620928807379, ""2022/2023"": 1.8527951803672456, ""2023/2024"": 1.8532154544060353}",1.8467762094142732,0.008369281489367202
15,0.0,"{""2019/2020"": 1.825174086486845, ""2020/2021"": 1.8458963295752215, ""2021/2022"": 1.846119675608799, ""2022/2023"": 1.8479274589661434, ""2023/2024"": 1.8448844796840917}",1.8420004060642203,0.00946994547042721
15,0.02,"{""2019/2020"": 1.8248734216400826, ""2020/2021"": 1.845947658805209, ""2021/2022"": 1.846425749260729, ""2022/2023"": 1.8486708892413046, ""2023/2024"": 1.8440665453154772}",1.8419968528525605,0.009711620309808872
15,0.05,"{""2019/2020"": 1.8240597498476558, ""2020/2021"": 1.8452194426629516, ""2021/2022"": 1.8462458146399776, ""2022/2023"": 1.8494250870011577, ""2023/2024"": 1.8443986080951644}",1.8418697404493813,0.010137119025665999
15,0.1,"{""2019/2020"": 1.8244408907775458, ""2020/2021"": 1.8449709186127539, ""2021/2022"": 1.8463707069951305, ""2022/2023"": 1.8489313111027448, ""2023/2024"": 1.844629511466314}",1.841868667790898,0.00988841389121302
15,0.15,"{""2019/2020"": 1.8259527736241068, ""2020/2021"": 1.8454091220720628, ""2021/2022"": 1.8467697474143303, ""2022/2023"": 1.8494994618152965, ""2023/2024"": 1.8452852688495205}",1.8425832747550637,0.00945013161007754
15,0.2,"{""2019/2020"": 1.8274132965046606, ""2020/2021"": 1.845112859894786, ""2021/2022"": 1.8474112380403167, ""2022/2023"": 1.848942689523758, ""2023/2024"": 1.846145590816081}",1.8430051349559204,0.008832874565424519
15,0.25,"{""2019/2020"": 1.827532643333498, ""2020/2021"": 1.844800592790747, ""2021/2022"": 1.848942755008722, ""2022/2023"": 1.84984901090837, ""2023/2024"": 1.8476127252421244}",1.8437475454566923,0.009262689367480743
15,0.35,"{""2019/2020"": 1.8297601776723862, ""2020/2021"": 1.8452340616712724, ""2021/2022"": 1.8492469983955484, ""2022/2023"": 1.850663531557607, ""2023/2024"": 1.8498352827253308}",1.8449480104044291,0.008743368901096426
15,0.5,"{""2019/2020"": 1.832387679155123, ""2020/2021"": 1.8468337137033906, ""2021/2022"": 1.8489019613996198, ""2022/2023"": 1.852237176040734, ""2023/2024"": 1.8526295313283607}",1.8465980123254457,0.008298745299409334
20,0.0,"{""2019/2020"": 1.8268289365132084, ""2020/2021"": 1.845228108094879, ""2021/2022"": 1.844631879877356, ""2022/2023"": 1.8470518295025131, ""2023/2024"": 1.8436260792742278}",1.841473366652437,0.008280806763172626
20,0.02,"{""2019/2020"": 1.8259072422642528, ""2020/2021"": 1.8452849295827365, ""2021/2022"": 1.8446151531711685, ""2022/2023"": 1.84804119741436, ""2023/2024"": 1.843846001893323}",1.8415389048651682,0.008880419269187895
20,0.05,"{""2019/2020"": 1.8258822842977307, ""2020/2021"": 1.8444928610184879, ""2021/2022"": 1.8453772701653819, ""2022/2023"": 1.8485551704931356, ""2023/2024"": 1.8433517154303825}",1.8415318602810236,0.008959669219662163
20,0.1,"{""2019/2020"": 1.8227783818922285, ""2020/2021"": 1.8432649628304507, ""2021/2022"": 1.846113836357603, ""2022/2023"": 1.8481888932189612, ""2023/2024"": 1.8435002607609225}",1.840769267012033,0.010258826034306832
20,0.15,"{""2019/2020"": 1.8254196468905026, ""2020/2021"": 1.8442785642061048, ""2021/2022"": 1.84606886851605, ""2022/2023"": 1.8489849366258992, ""2023/2024"": 1.8444885855651196}",1.8418481203607353,0.0093744695281453
20,0.2,"{""2019/2020"": 1.8258040924959418, ""2020/2021"": 1.8439522721407362, ""2021/2022"": 1.8471192254166375, ""2022/2023"": 1.8488266773455844, ""2023/2024"": 1.8455109981838866}",1.8422426531165574,0.009366983030983711
20,0.25,"{""2019/2020"": 1.8275517145268654, ""2020/2021"": 1.8443131649553475, ""2021/2022"": 1.8490142186334273, ""2022/2023"": 1.8496365324230042, ""2023/2024"": 1.8470478201295077}",1.8435126901336303,0.009160498165587162
20,0.35,"{""2019/2020"": 1.8290666413110461, ""2020/2021"": 1.8455963672340814, ""2021/2022"": 1.8495302878897943, ""2022/2023"": 1.8503906755857091, ""2023/2024"": 1.8496900155095042}",1.8448547975060268,0.009023598108316265
20,0.5,"{""2019/2020"": 1.83230302776383, ""2020/2021"": 1.8467724634941391, ""2021/2022"": 1.8488509559860529, ""2022/2023"": 1.8521844409877972, ""2023/2024"": 1.8523688812966752}",1.8464959539056989,0.008275140576485669
25,0.0,"{""2019/2020"": 1.8259489522719967, ""2020/2021"": 1.8444034621820495, ""2021/2022"": 1.845547256092972, ""2022/2023"": 1.8471918976588828, ""2023/2024"": 1.8425997638482454}",1.8411382664108291,0.008654455261551104
25,0.02,"{""2019/2020"": 1.8272167995088773, ""2020/2021"": 1.8446756995350635, ""2021/2022"": 1.845258364081981, ""2022/2023"": 1.847598662209523, ""2023/2024"": 1.8431108372463254}",1.8415720725163542,0.008185088416157798
25,0.05,"{""2019/2020"": 1.8267669205787982, ""2020/2021"": 1.8439777370022, ""2021/2022"": 1.8459765947117932, ""2022/2023"": 1.8485725536954674, ""2023/2024"": 1.8415073997631544}",1.8413602411502825,0.008561047219069607
25,0.1,"{""2019/2020"": 1.8234604614047674, ""2020/2021"": 1.8425355237177161, ""2021/2022"": 1.845264758398944, ""2022/2023"": 1.8485950476806685, ""2023/2024"": 1.843005462439706}",1.8405722507283606,0.009861201664787708
25,0.15,"{""2019/2020"": 1.824821453908193, ""2020/2021"": 1.8436439219679321, ""2021/2022"": 1.845874715519131, ""2022/2023"": 1.8488981895820373, ""2023/2024"": 1.8436467877874434}",1.8413770137529475,0.009502298614357715
25,0.2,"{""2019/2020"": 1.8270751397287512, ""2020/2021"": 1.84350019643812, ""2021/2022"": 1.8468750483764529, ""2022/2023"": 1.8487645098247494, ""2023/2024"": 1.8449641737642064}",1.842235813626456,0.008703950526677988
25,0.25,"{""2019/2020"": 1.8275421281069184, ""2020/2021"": 1.8442855925776338, ""2021/2022"": 1.8489786567500053, ""2022/2023"": 1.8494906460141887, ""2023/2024"": 1.8470984543406395}",1.843479095557877,0.00913948903343199
25,0.35,"{""2019/2020"": 1.8293389697278708, ""2020/2021"": 1.845455540126816, ""2021/2022"": 1.849458838768959, ""2022/2023"": 1.8504848086158743, ""2023/2024"": 1.8494403180642764}",1.8448356950607594,0.008874418271902003
25,0.5,"{""2019/2020"": 1.8314940012984517, ""2020/2021"": 1.846559336963696, ""2021/2022"": 1.8487913530887579, ""2022/2023"": 1.8519065495841802, ""2023/2024"": 1.852377530879625}",1.846225754362942,0.008570792133510884
30,0.0,"{""2019/2020"": 1.828190684018836, ""2020/2021"": 1.8439738287970477, ""2021/2022"": 1.8464978247523822, ""2022/2023"": 1.8483800907886467, ""2023/2024"": 1.845933778777223}",1.842595241426827,0.008204149066924574
30,0.02,"{""2019/2020"": 1.8262953131928483, ""2020/2021"": 1.8428254891003624, ""2021/2022"": 1.8443127980531326, ""2022/2023"": 1.8482937196418483, ""2023/2024"": 1.8441024526750294}",1.8411659545326444,0.008561844278147036
30,0.05,"{""2019/2020"": 1.8245877262545989, ""2020/2021"": 1.8427202666558575, ""2021/2022"": 1.8461256175768024, ""2022/2023"": 1.8475969252923212, ""2023/2024"": 1.8425819297396075}",1.8407224931038375,0.009276729987329828
30,0.1,"{""2019/2020"": 1.825269972943985, ""2020/2021"": 1.8430078733596402, ""2021/2022"": 1.8453909015660515, ""2022/2023"": 1.8486091093403365, ""2023/2024"": 1.8426341094590348}",1.8409823933338096,0.009100997635944958
30,0.15,"{""2019/2020"": 1.824980999836466, ""2020/2021"": 1.8428556131986533, ""2021/2022"": 1.8462459634444637, ""2022/2023"": 1.8492108431645187, ""2023/2024"": 1.8441861527559376}",1.8414959144800078,0.009538234349737584
30,0.2,"{""2019/2020"": 1.8268521614365845, ""2020/2021"": 1.8431614555345657, ""2021/2022"": 1.8473973337238596, ""2022/2023"": 1.8489660026533532, ""2023/2024"": 1.8450155533269779}",1.842278501335068,0.00890460756146757
30,0.25,"{""2019/2020"": 1.8272440778604018, ""2020/2021"": 1.844446618261803, ""2021/2022"": 1.8487931012279033, ""2022/2023"": 1.8495250375175911, ""2023/2024"": 1.8469245048679364}",1.8433866679471271,0.00923488090419888
30,0.35,"{""2019/2020"": 1.8290516093133993, ""2020/2021"": 1.845236599822509, ""2021/2022"": 1.8492658953654393, ""2022/2023"": 1.850484703074122, ""2023/2024"": 1.8493897809596451}",1.8446857177070233,0.008964698630237002
30,0.5,"{""2019/2020"": 1.8316344799142987, ""2020/2021"": 1.846379867272373, ""2021/2022"": 1.8486489744497978, ""2022/2023"": 1.8520261150969264, ""2023/2024"": 1.8523844357453316}",1.8462147744957456,0.00852018155089061
35,0.0,"{""2019/2020"": 1.825073981006703, ""2020/2021"": 1.8427091550760581, ""2021/2022"": 1.8483289845669584, ""2022/2023"": 1.8481946925152355, ""2023/2024"": 1.847249043826528}",1.8423111713982965,0.009905700426871484
35,0.02,"{""2019/2020"": 1.8252192326503014, ""2020/2021"": 1.843797734640863, ""2021/2022"": 1.8467785738521894, ""2022/2023"": 1.848571610651132, ""2023/2024"": 1.8453773026269904}",1.8419488908842954,0.009516301140941071
35,0.05,"{""2019/2020"": 1.8229657464901918, ""2020/2021"": 1.8432467747536367, ""2021/2022"": 1.845937475639076, ""2022/2023"": 1.8478055675266907, ""2023/2024"": 1.8432519982191429}",1.8406415125257474,0.010067343755051123
35,0.1,"{""2019/2020"": 1.823409364172792, ""2020/2021"": 1.8425874861941034, ""2021/2022"": 1.8463799880764629, ""2022/2023"": 1.8488881561179906, ""2023/2024"": 1.842435291072609}",1.8407400571267918,0.01006031894180113
35,0.15,"{""2019/2020"": 1.8255593759299378, ""2020/2021"": 1.8423970614565364, ""2021/2022"": 1.8464204408787357, ""2022/2023"": 1.8485003739114159, ""2023/2024"": 1.8436307048758562}",1.8413015914104964,0.00911684240522272
35,0.2,"{""2019/2020"": 1.8265430233935276, ""2020/2021"": 1.843396041883165, ""2021/2022"": 1.8473358026387903, ""2022/2023"": 1.849120790759613, ""2023/2024"": 1.8446682947094308}",1.8422127906769052,0.009040698353700126
35,0.25,"{""2019/2020"": 1.8270429676714355, ""2020/2021"": 1.8444724511024422, ""2021/2022"": 1.848711591265702, ""2022/2023"": 1.8492712343088227, ""2023/2024"": 1.8464529102457696}",1.8431902309188346,0.009226148948497848
35,0.35,"{""2019/2020"": 1.8289014359713853, ""2020/2021"": 1.8453015662889733, ""2021/2022"": 1.8493057517395677, ""2022/2023"": 1.8505813792280967, ""2023/2024"": 1.849392581187907}",1.8446965428831859,0.009052352408687769
35,0.5,"{""2019/2020"": 1.831663787907494, ""2020/2021"": 1.8464337328347418, ""2021/2022"": 1.84861139513418, ""2022/2023"": 1.851927447561791, ""2023/2024"": 1.8523045976662653}",1.8461881922208945,0.00847407798305078
40,0.0,"{""2019/2020"": 1.8250451450072995, ""2020/2021"": 1.8436550862599552, ""2021/2022"": 1.8462581764138095, ""2022/2023"": 1.8486177333405927, ""2023/2024"": 1.8486772135455485}",1.842450670913441,0.009946136670354159
40,0.02,"{""2019/2020"": 1.8256381339382053, ""2020/2021"": 1.842919471775402, ""2021/2022"": 1.8456429257478524, ""2022/2023"": 1.8487586684741972, ""2023/2024"": 1.8464701148785645}",1.8418858629628443,0.009319648432608043
40,0.05,"{""2019/2020"": 1.8225151590100386, ""2020/2021"": 1.8423713022905046, ""2021/2022"": 1.845451955691857, ""2022/2023"": 1.8480621702427775, ""2023/2024"": 1.8433177530366163}",1.8403436680543588,0.010203946484580475
40,0.1,"{""2019/2020"": 1.8231801846183677, ""2020/2021"": 1.8432104008231422, ""2021/2022"": 1.8457688211010208, ""2022/2023"": 1.8489868720245288, ""2023/2024"": 1.842757640564992}",1.8407807838264105,0.010146581852599883
40,0.15,"{""2019/2020"": 1.8255593937935037, ""2020/2021"": 1.8423219118535956, ""2021/2022"": 1.8465694215988584, ""2022/2023"": 1.8487369010652024, ""2023/2024"": 1.8434413545715245}",1.8413257965765368,0.00917152333460499
40,0.2,"{""2019/2020"": 1.8269996683339385, ""2020/2021"": 1.8434164823608499, ""2021/2022"": 1.8473209335089922, ""2022/2023"": 1.8489705107068484, ""2023/2024"": 1.8447271232155176}",1.8422869436252292,0.008816777232982688
40,0.25,"{""2019/2020"": 1.826970571171703, ""2020/2021"": 1.844719245453913, ""2021/2022"": 1.8487347799807428, ""2022/2023"": 1.8494426727836237, ""2023/2024"": 1.846714416961561}",1.8433163372703085,0.009321891902103521
40,0.35,"{""2019/2020"": 1.8289321730494954, ""2020/2021"": 1.845295043556698, ""2021/2022"": 1.8494207732717811, ""2022/2023"": 1.8503642243899243, ""2023/2024"": 1.8493383804508414}",1.844670118943748,0.009011904496519278
40,0.5,"{""2019/2020"": 1.831629071872228, ""2020/2021"": 1.8464984018594373, ""2021/2022"": 1.848656441725037, ""2022/2023"": 1.8519544270492456, ""2023/2024"": 1.8523435864975772}",1.8462163858007052,0.008504275974015929
45,0.0,"{""2019/2020"": 1.8232649207546239, ""2020/2021"": 1.8431334447822465, ""2021/2022"": 1.8459436477030997, ""2022/2023"": 1.8480036827860384, ""2023/2024"": 1.849340155675682}",1.8419371703403382,0.01069746001533828
45,0.02,"{""2019/2020"": 1.8243256375839323, ""2020/2021"": 1.8430260093480568, ""2021/2022"": 1.8456867867273405, ""2022/2023"": 1.8478686509856321, ""2023/2024"": 1.8476410176580904}",1.8417096204606103,0.009910458132640356
45,0.05,"{""2019/2020"": 1.8233152584033911, ""2020/2021"": 1.8426886820902626, ""2021/2022"": 1.8447069323858294, ""2022/2023"": 1.8476804755960685, ""2023/2024"": 1.8445390748604173}",1.8405860846671938,0.009818862660684746
45,0.1,"{""2019/2020"": 1.8238576788790661, ""2020/2021"": 1.8420327923321296, ""2021/2022"": 1.8461628677640496, ""2022/2023"": 1.8489515852747536, ""2023/2024"": 1.8428001644299585}",1.8407610177359914,0.009845859214761245
45,0.15,"{""2019/2020"": 1.8253811539976936, ""2020/2021"": 1.8424575338932594, ""2021/2022"": 1.8461245987809751, ""2022/2023"": 1.8486752112937044, ""2023/2024"": 1.8430767276713056}",1.8411430451273876,0.009157696555918964
45,0.2,"{""2019/2020"": 1.8268114866186727, ""2020/2021"": 1.8428598259286166, ""2021/2022"": 1.8469559761314678, ""2022/2023"": 1.8487500891982918, ""2023/2024"": 1.844596627041485}",1.8419948009837068,0.008779208105042478
45,0.25,"{""2019/2020"": 1.827189574373556, ""2020/2021"": 1.8444845055089218, ""2021/2022"": 1.8486447767388872, ""2022/2023"": 1.8493979149663284, ""2023/2024"": 1.8468481333032736}",1.8433129809781934,0.009209892506156031
45,0.35,"{""2019/2020"": 1.8288372292864699, ""2020/2021"": 1.845281191233137, ""2021/2022"": 1.8492486962419095, ""2022/2023"": 1.8502097053531845, ""2023/2024"": 1.849267180289821}",1.8445688004809042,0.008997025032896316
45,0.5,"{""2019/2020"": 1.831646036185851, ""2020/2021"": 1.846504616469718, ""2021/2022"": 1.8486511764237599, ""2022/2023"": 1.8519338064078044, ""2023/2024"": 1.8523793602760519}",1.846222999152637,0.008499666233092505
50,0.0,"{""2019/2020"": 1.8235279949508885, ""2020/2021"": 1.8434748405597865, ""2021/2022"": 1.8461103435155553, ""2022/2023"": 1.848412085719506, ""2023/2024"": 1.8506432494827634}",1.8424337028457,0.01089914174523392
50,0.02,"{""2019/2020"": 1.8240570617003409, ""2020/2021"": 1.8439149472347143, ""2021/2022"": 1.8452712824458486, ""2022/2023"": 1.8481486150243234, ""2023/2024"": 1.8480246303390058}",1.8418833073488465,0.010128559845092354
50,0.05,"{""2019/2020"": 1.8230966251983727, ""2020/2021"": 1.8427354792146005, ""2021/2022"": 1.844020496395726, ""2022/2023"": 1.8474228293705914, ""2023/2024"": 1.8445790974419407}",1.8403709055242463,0.009807522523476147
50,0.1,"{""2019/2020"": 1.8230679383131114, ""2020/2021"": 1.8421996743101556, ""2021/2022"": 1.8457978374754005, ""2022/2023"": 1.848460539128856, ""2023/2024"": 1.8431361287887}",1.8405324236032445,0.010064130005796243
50,0.15,"{""2019/2020"": 1.825238746936357, ""2020/2021"": 1.8422953491091592, ""2021/2022"": 1.8461866849078414, ""2022/2023"": 1.848506996781484, ""2023/2024"": 1.8430849459481407}",1.8410625447365967,0.00918802439112359
50,0.2,"{""2019/2020"": 1.82675418430166, ""2020/2021"": 1.843069851075933, ""2021/2022"": 1.84689215300068, ""2022/2023"": 1.8489506639595807, ""2023/2024"": 1.844672110313038}",1.842067792530178,0.008845077196989425
50,0.25,"{""2019/2020"": 1.8271725398624477, ""2020/2021"": 1.844375772632016, ""2021/2022"": 1.8486073029532948, ""2022/2023"": 1.8492639293075772, ""2023/2024"": 1.8467056593798354}",1.843225040827034,0.00917276670491743
50,0.35,"{""2019/2020"": 1.828863329827342, ""2020/2021"": 1.8453358572189742, ""2021/2022"": 1.8493000800775132, ""2022/2023"": 1.8502366876591685, ""2023/2024"": 1.8493353284378067}",1.8446142566441608,0.009006519772173186
50,0.5,"{""2019/2020"": 1.831646036185851, ""2020/2021"": 1.846504616469718, ""2021/2022"": 1.8486663606520757, ""2022/2023"": 1.8519346821093146, ""2023/2024"": 1.8523793556977375}",1.8462262102229396,0.008500899505617141
