start,block,params_json,fold_loglosses_json,logloss_mean,logloss_std
03_best,n_estimators+learning_rate,"{""enable_categorical"": true, ""learning_rate"": 0.01, ""max_depth"": 3, ""n_estimators"": 100, ""objective"": ""count:poisson"", ""random_state"": 2026, ""verbosity"": 0}","{""2019/2020"": 1.8240835900055508, ""2020/2021"": 1.8497362451246568, ""2021/2022"": 1.8479813047690874, ""2022/2023"": 1.8512737973689037, ""2023/2024"": 1.8536700801218777}",1.8453490034780153,0.012069985591027274
03_best,n_estimators+learning_rate,"{""enable_categorical"": true, ""learning_rate"": 0.02, ""max_depth"": 3, ""n_estimators"": 100, ""objective"": ""count:poisson"", ""random_state"": 2026, ""verbosity"": 0}","{""2019/2020"": 1.8253133845539993, ""2020/2021"": 1.8467673933700184, ""2021/2022"": 1.8461246536135276, ""2022/2023"": 1.8495296538413568, ""2023/2024"": 1.8477201568752772}",1.843091048450836,0.010020577454130025
03_best,n_estimators+learning_rate,"{""enable_categorical"": true, ""learning_rate"": 0.05, ""max_depth"": 3, ""n_estimators"": 100, ""objective"": ""count:poisson"", ""random_state"": 2026, ""verbosity"": 0}","{""2019/2020"": 1.8284746684940694, ""2020/2021"": 1.8435136979201945, ""2021/2022"": 1.8450722963732653, ""2022/2023"": 1.8497355419851536, ""2023/2024"": 1.8434727222772482}",1.8420537854099863,0.00801027363924666
03_best,n_estimators+learning_rate,"{""enable_categorical"": true, ""learning_rate"": 0.1, ""max_depth"": 3, ""n_estimators"": 100, ""objective"": ""count:poisson"", ""random_state"": 2026, ""verbosity"": 0}","{""2019/2020"": 1.831693410365126, ""2020/2021"": 1.8439720086789062, ""2021/2022"": 1.8453442373133193, ""2022/2023"": 1.8514140752549904, ""2023/2024"": 1.8432076408085958}",1.8431262744841874,0.007159596174012213
03_best,n_estimators+learning_rate,"{""enable_categorical"": true, ""learning_rate"": 0.2, ""max_depth"": 3, ""n_estimators"": 100, ""objective"": ""count:poisson"", ""random_state"": 2026, ""verbosity"": 0}","{""2019/2020"": 1.8351604784974167, ""2020/2021"": 1.849341128548182, ""2021/2022"": 1.8468123014022588, ""2022/2023"": 1.8543952196571967, ""2023/2024"": 1.845394103083147}",1.84622064623764,0.007069681752102835
03_best,n_estimators+learning_rate,"{""enable_categorical"": true, ""learning_rate"": 0.01, ""max_depth"": 3, ""n_estimators"": 200, ""objective"": ""count:poisson"", ""random_state"": 2026, ""verbosity"": 0}","{""2019/2020"": 1.8252401149809463, ""2020/2021"": 1.8467142077578607, ""2021/2022"": 1.8460762338605776, ""2022/2023"": 1.8493870238452712, ""2023/2024"": 1.8476715459774913}",1.8430178252844294,0.010016085770394265
03_best,n_estimators+learning_rate,"{""enable_categorical"": true, ""learning_rate"": 0.02, ""max_depth"": 3, ""n_estimators"": 200, ""objective"": ""count:poisson"", ""random_state"": 2026, ""verbosity"": 0}","{""2019/2020"": 1.827550598572222, ""2020/2021"": 1.8436650076663261, ""2021/2022"": 1.8447252928984696, ""2022/2023"": 1.849223121584233, ""2023/2024"": 1.8442274485191164}",1.8418782938480736,0.008307310393883332
03_best,n_estimators+learning_rate,"{""enable_categorical"": true, ""learning_rate"": 0.05, ""max_depth"": 3, ""n_estimators"": 200, ""objective"": ""count:poisson"", ""random_state"": 2026, ""verbosity"": 0}","{""2019/2020"": 1.8316038002260533, ""2020/2021"": 1.8434587868308745, ""2021/2022"": 1.8458589943144823, ""2022/2023"": 1.8526134959390024, ""2023/2024"": 1.843431852713188}",1.84339338600472,0.007584354641722719
03_best,n_estimators+learning_rate,"{""enable_categorical"": true, ""learning_rate"": 0.1, ""max_depth"": 3, ""n_estimators"": 200, ""objective"": ""count:poisson"", ""random_state"": 2026, ""verbosity"": 0}","{""2019/2020"": 1.8361410195071781, ""2020/2021"": 1.8477312828500128, ""2021/2022"": 1.8472239042750211, ""2022/2023"": 1.8543825849631257, ""2023/2024"": 1.8451044625926216}",1.8461166508375917,0.006570701240383066
03_best,n_estimators+learning_rate,"{""enable_categorical"": true, ""learning_rate"": 0.2, ""max_depth"": 3, ""n_estimators"": 200, ""objective"": ""count:poisson"", ""random_state"": 2026, ""verbosity"": 0}","{""2019/2020"": 1.8494110405970472, ""2020/2021"": 1.8531464741403547, ""2021/2022"": 1.8547091534396907, ""2022/2023"": 1.8606947976643906, ""2023/2024"": 1.8499766934054758}",1.8535876318493916,0.004540017281314831
03_best,n_estimators+learning_rate,"{""enable_categorical"": true, ""learning_rate"": 0.01, ""max_depth"": 3, ""n_estimators"": 400, ""objective"": ""count:poisson"", ""random_state"": 2026, ""verbosity"": 0}","{""2019/2020"": 1.8275278202002072, ""2020/2021"": 1.8435856368250032, ""2021/2022"": 1.844791097856875, ""2022/2023"": 1.8491268589255787, ""2023/2024"": 1.8440904346617815}",1.8418243696938892,0.008287886714101847
03_best,n_estimators+learning_rate,"{""enable_categorical"": true, ""learning_rate"": 0.02, ""max_depth"": 3, ""n_estimators"": 400, ""objective"": ""count:poisson"", ""random_state"": 2026, ""verbosity"": 0}","{""2019/2020"": 1.83057300399067, ""2020/2021"": 1.8426421128137513, ""2021/2022"": 1.84483019554944, ""2022/2023"": 1.8525648770140348, ""2023/2024"": 1.8426853503265974}",1.8426591079388985,0.007888484780475092
03_best,n_estimators+learning_rate,"{""enable_categorical"": true, ""learning_rate"": 0.05, ""max_depth"": 3, ""n_estimators"": 400, ""objective"": ""count:poisson"", ""random_state"": 2026, ""verbosity"": 0}","{""2019/2020"": 1.836855199374101, ""2020/2021"": 1.847941882988996, ""2021/2022"": 1.847544630983252, ""2022/2023"": 1.8550008994699467, ""2023/2024"": 1.8456107411928317}",1.8465906708018256,0.006503987750050308
03_best,n_estimators+learning_rate,"{""enable_categorical"": true, ""learning_rate"": 0.1, ""max_depth"": 3, ""n_estimators"": 400, ""objective"": ""count:poisson"", ""random_state"": 2026, ""verbosity"": 0}","{""2019/2020"": 1.85032630187791, ""2020/2021"": 1.8525242396511545, ""2021/2022"": 1.853853696406367, ""2022/2023"": 1.8599969932349028, ""2023/2024"": 1.848124307014352}",1.8529651076369373,0.004495220132163067
03_best,n_estimators+learning_rate,"{""enable_categorical"": true, ""learning_rate"": 0.2, ""max_depth"": 3, ""n_estimators"": 400, ""objective"": ""count:poisson"", ""random_state"": 2026, ""verbosity"": 0}","{""2019/2020"": 1.870827454684277, ""2020/2021"": 1.8619810294979253, ""2021/2022"": 1.868106101124718, ""2022/2023"": 1.8688191084425831, ""2023/2024"": 1.860258376790793}",1.8659984141080592,0.004604500556116642
03_best,n_estimators+learning_rate,"{""enable_categorical"": true, ""learning_rate"": 0.01, ""max_depth"": 3, ""n_estimators"": 600, ""objective"": ""count:poisson"", ""random_state"": 2026, ""verbosity"": 0}","{""2019/2020"": 1.8293715097738237, ""2020/2021"": 1.843163714025211, ""2021/2022"": 1.844726054361777, ""2022/2023"": 1.8511604448756727, ""2023/2024"": 1.8428118667159852}",1.8422467179504938,0.007945641844082665
03_best,n_estimators+learning_rate,"{""enable_categorical"": true, ""learning_rate"": 0.02, ""max_depth"": 3, ""n_estimators"": 600, ""objective"": ""count:poisson"", ""random_state"": 2026, ""verbosity"": 0}","{""2019/2020"": 1.8318809854527431, ""2020/2021"": 1.8449528957857158, ""2021/2022"": 1.845740411117417, ""2022/2023"": 1.8536413363654491, ""2023/2024"": 1.843713382921763}",1.8439858023286178,0.007807753569763082
03_best,n_estimators+learning_rate,"{""enable_categorical"": true, ""learning_rate"": 0.05, ""max_depth"": 3, ""n_estimators"": 600, ""objective"": ""count:poisson"", ""random_state"": 2026, ""verbosity"": 0}","{""2019/2020"": 1.8439269322583107, ""2020/2021"": 1.851486949605366, ""2021/2022"": 1.849865903627558, ""2022/2023"": 1.858474426495326, ""2023/2024"": 1.8467663973130701}",1.8501041218599261,0.00550747303021487
03_best,n_estimators+learning_rate,"{""enable_categorical"": true, ""learning_rate"": 0.1, ""max_depth"": 3, ""n_estimators"": 600, ""objective"": ""count:poisson"", ""random_state"": 2026, ""verbosity"": 0}","{""2019/2020"": 1.8649991149845806, ""2020/2021"": 1.8568942660034649, ""2021/2022"": 1.860873438737701, ""2022/2023"": 1.8602803794770866, ""2023/2024"": 1.8530189722624317}",1.859213234293053,0.004503276280957532
03_best,n_estimators+learning_rate,"{""enable_categorical"": true, ""learning_rate"": 0.2, ""max_depth"": 3, ""n_estimators"": 600, ""objective"": ""count:poisson"", ""random_state"": 2026, ""verbosity"": 0}","{""2019/2020"": 1.8841806506399128, ""2020/2021"": 1.874269131716397, ""2021/2022"": 1.8773537362238908, ""2022/2023"": 1.8741424525599815, ""2023/2024"": 1.8682324158402397}",1.8756356773960845,0.005806757766680596
03_best,n_estimators+learning_rate,"{""enable_categorical"": true, ""learning_rate"": 0.01, ""max_depth"": 3, ""n_estimators"": 800, ""objective"": ""count:poisson"", ""random_state"": 2026, ""verbosity"": 0}","{""2019/2020"": 1.8305673765507613, ""2020/2021"": 1.8425545625069948, ""2021/2022"": 1.8449819193399404, ""2022/2023"": 1.8525215731945717, ""2023/2024"": 1.842712432594813}",1.8426675728374164,0.007888077343065908
03_best,n_estimators+learning_rate,"{""enable_categorical"": true, ""learning_rate"": 0.02, ""max_depth"": 3, ""n_estimators"": 800, ""objective"": ""count:poisson"", ""random_state"": 2026, ""verbosity"": 0}","{""2019/2020"": 1.8335986124862411, ""2020/2021"": 1.8465584067468919, ""2021/2022"": 1.8462787925331932, ""2022/2023"": 1.8547226271522106, ""2023/2024"": 1.844598787661273}",1.845151445315962,0.00756028026652486
03_best,n_estimators+learning_rate,"{""enable_categorical"": true, ""learning_rate"": 0.05, ""max_depth"": 3, ""n_estimators"": 800, ""objective"": ""count:poisson"", ""random_state"": 2026, ""verbosity"": 0}","{""2019/2020"": 1.8499255598024649, ""2020/2021"": 1.8530573344208874, ""2021/2022"": 1.8533979603812232, ""2022/2023"": 1.861051258212379, ""2023/2024"": 1.8488421985567167}",1.8532548622747342,0.004780144871701527
03_best,n_estimators+learning_rate,"{""enable_categorical"": true, ""learning_rate"": 0.1, ""max_depth"": 3, ""n_estimators"": 800, ""objective"": ""count:poisson"", ""random_state"": 2026, ""verbosity"": 0}","{""2019/2020"": 1.8736978956363726, ""2020/2021"": 1.8596713018297713, ""2021/2022"": 1.8667864838051234, ""2022/2023"": 1.8639505116383195, ""2023/2024"": 1.8564467358639518}",1.8641105857547076,0.0066622894296979995
03_best,n_estimators+learning_rate,"{""enable_categorical"": true, ""learning_rate"": 0.2, ""max_depth"": 3, ""n_estimators"": 800, ""objective"": ""count:poisson"", ""random_state"": 2026, ""verbosity"": 0}","{""2019/2020"": 1.9040658921995244, ""2020/2021"": 1.8897389729491816, ""2021/2022"": 1.8894188643149878, ""2022/2023"": 1.8818508165124765, ""2023/2024"": 1.8738618834165703}",1.887787285878548,0.011187299234306109
03_best,n_estimators+learning_rate,"{""enable_categorical"": true, ""learning_rate"": 0.01, ""max_depth"": 3, ""n_estimators"": 1000, ""objective"": ""count:poisson"", ""random_state"": 2026, ""verbosity"": 0}","{""2019/2020"": 1.8316398924606108, ""2020/2021"": 1.8435053526787015, ""2021/2022"": 1.84568962015681, ""2022/2023"": 1.8530895035372537, ""2023/2024"": 1.843226628686979}",1.843430199504071,0.0077049588796400965
03_best,n_estimators+learning_rate,"{""enable_categorical"": true, ""learning_rate"": 0.02, ""max_depth"": 3, ""n_estimators"": 1000, ""objective"": ""count:poisson"", ""random_state"": 2026, ""verbosity"": 0}","{""2019/2020"": 1.8366901701401432, ""2020/2021"": 1.8481975132944242, ""2021/2022"": 1.847018857444195, ""2022/2023"": 1.8561033626891026, ""2023/2024"": 1.8449362290257403}",1.8465892265187211,0.006964439569190943
03_best,n_estimators+learning_rate,"{""enable_categorical"": true, ""learning_rate"": 0.05, ""max_depth"": 3, ""n_estimators"": 1000, ""objective"": ""count:poisson"", ""random_state"": 2026, ""verbosity"": 0}","{""2019/2020"": 1.8561015033019206, ""2020/2021"": 1.8553119215152025, ""2021/2022"": 1.855988382615495, ""2022/2023"": 1.8621643718998229, ""2023/2024"": 1.8521254672998475}",1.8563383293264575,0.003637411194219553
03_best,n_estimators+learning_rate,"{""enable_categorical"": true, ""learning_rate"": 0.1, ""max_depth"": 3, ""n_estimators"": 1000, ""objective"": ""count:poisson"", ""random_state"": 2026, ""verbosity"": 0}","{""2019/2020"": 1.882972238062422, ""2020/2021"": 1.8638058870204732, ""2021/2022"": 1.8722663082014341, ""2022/2023"": 1.8681491141676265, ""2023/2024"": 1.8612224773037116}",1.8696832049511332,0.008540360594679088
03_best,n_estimators+learning_rate,"{""enable_categorical"": true, ""learning_rate"": 0.2, ""max_depth"": 3, ""n_estimators"": 1000, ""objective"": ""count:poisson"", ""random_state"": 2026, ""verbosity"": 0}","{""2019/2020"": 1.920777152096032, ""2020/2021"": 1.903326949337471, ""2021/2022"": 1.8955282855729347, ""2022/2023"": 1.8883253604106822, ""2023/2024"": 1.8840378856109108}",1.898399126605606,0.014500234465513056
03_best,n_estimators+learning_rate,"{""enable_categorical"": true, ""learning_rate"": 0.01, ""max_depth"": 3, ""n_estimators"": 1200, ""objective"": ""count:poisson"", ""random_state"": 2026, ""verbosity"": 0}","{""2019/2020"": 1.8319474618625762, ""2020/2021"": 1.844830766134202, ""2021/2022"": 1.8459154911128117, ""2022/2023"": 1.8534471207193037, ""2023/2024"": 1.8439477673848066}",1.84401772144274,0.007727745499344833
03_best,n_estimators+learning_rate,"{""enable_categorical"": true, ""learning_rate"": 0.02, ""max_depth"": 3, ""n_estimators"": 1200, ""objective"": ""count:poisson"", ""random_state"": 2026, ""verbosity"": 0}","{""2019/2020"": 1.8406442969062948, ""2020/2021"": 1.8493885859393737, ""2021/2022"": 1.8476540054744908, ""2022/2023"": 1.8570877685660745, ""2023/2024"": 1.8456473443182642}",1.8480844002408996,0.006005022073012484
03_best,n_estimators+learning_rate,"{""enable_categorical"": true, ""learning_rate"": 0.05, ""max_depth"": 3, ""n_estimators"": 1200, ""objective"": ""count:poisson"", ""random_state"": 2026, ""verbosity"": 0}","{""2019/2020"": 1.861807460368131, ""2020/2021"": 1.8573422393704782, ""2021/2022"": 1.8586657894474568, ""2022/2023"": 1.8633077104923168, ""2023/2024"": 1.854422067957892}",1.859109053527255,0.0035424592032086834
03_best,n_estimators+learning_rate,"{""enable_categorical"": true, ""learning_rate"": 0.1, ""max_depth"": 3, ""n_estimators"": 1200, ""objective"": ""count:poisson"", ""random_state"": 2026, ""verbosity"": 0}","{""2019/2020"": 1.8917875781529039, ""2020/2021"": 1.868398893319525, ""2021/2022"": 1.8777279969154757, ""2022/2023"": 1.8701242992227372, ""2023/2024"": 1.8668312201504798}",1.8749739975522242,0.010287582301986576
03_best,n_estimators+learning_rate,"{""enable_categorical"": true, ""learning_rate"": 0.2, ""max_depth"": 3, ""n_estimators"": 1200, ""objective"": ""count:poisson"", ""random_state"": 2026, ""verbosity"": 0}","{""2019/2020"": 1.9405353193947765, ""2020/2021"": 1.9109311154290525, ""2021/2022"": 1.9042806085456612, ""2022/2023"": 1.8984320365661922, ""2023/2024"": 1.8912824986631915}",1.9090923157197746,0.019013332990481316
03_best,max_depth+min_child_weight,"{""enable_categorical"": true, ""learning_rate"": 0.01, ""max_depth"": 2, ""min_child_weight"": 1, ""n_estimators"": 400, ""objective"": ""count:poisson"", ""random_state"": 2026, ""verbosity"": 0}","{""2019/2020"": 1.8263579712760238, ""2020/2021"": 1.844754055642868, ""2021/2022"": 1.8452580380280061, ""2022/2023"": 1.8491790585875316, ""2023/2024"": 1.8454586544574545}",1.8422015555983768,0.009030098925824943
03_best,max_depth+min_child_weight,"{""enable_categorical"": true, ""learning_rate"": 0.01, ""max_depth"": 2, ""min_child_weight"": 5, ""n_estimators"": 400, ""objective"": ""count:poisson"", ""random_state"": 2026, ""verbosity"": 0}","{""2019/2020"": 1.8263450296654034, ""2020/2021"": 1.844754055642868, ""2021/2022"": 1.8452580380280061, ""2022/2023"": 1.8491790585875316, ""2023/2024"": 1.8454586544574545}",1.8421989672762529,0.009035775609033696
03_best,max_depth+min_child_weight,"{""enable_categorical"": true, ""learning_rate"": 0.01, ""max_depth"": 2, ""min_child_weight"": 10, ""n_estimators"": 400, ""objective"": ""count:poisson"", ""random_state"": 2026, ""verbosity"": 0}","{""2019/2020"": 1.8263450296654034, ""2020/2021"": 1.844754055642868, ""2021/2022"": 1.8452580380280061, ""2022/2023"": 1.8491790585875316, ""2023/2024"": 1.8454586544574545}",1.8421989672762529,0.009035775609033696
03_best,max_depth+min_child_weight,"{""enable_categorical"": true, ""learning_rate"": 0.01, ""max_depth"": 2, ""min_child_weight"": 20, ""n_estimators"": 400, ""objective"": ""count:poisson"", ""random_state"": 2026, ""verbosity"": 0}","{""2019/2020"": 1.82644946549589, ""2020/2021"": 1.844754055642868, ""2021/2022"": 1.8452580380280061, ""2022/2023"": 1.8491790585875316, ""2023/2024"": 1.8454586544574545}",1.8422198544423503,0.008989970114238952
03_best,max_depth+min_child_weight,"{""enable_categorical"": true, ""learning_rate"": 0.01, ""max_depth"": 2, ""min_child_weight"": 30, ""n_estimators"": 400, ""objective"": ""count:poisson"", ""random_state"": 2026, ""verbosity"": 0}","{""2019/2020"": 1.8263638659050896, ""2020/2021"": 1.844754055642868, ""2021/2022"": 1.8452580380280061, ""2022/2023"": 1.8491790585875316, ""2023/2024"": 1.8454586544574545}",1.84220273452419,0.009027513363777925
03_best,max_depth+min_child_weight,"{""enable_categorical"": true, ""learning_rate"": 0.01, ""max_depth"": 3, ""min_child_weight"": 1, ""n_estimators"": 400, ""objective"": ""count:poisson"", ""random_state"": 2026, ""verbosity"": 0}","{""2019/2020"": 1.8275278202002072, ""2020/2021"": 1.8435856368250032, ""2021/2022"": 1.844791097856875, ""2022/2023"": 1.8491268589255787, ""2023/2024"": 1.8440904346617815}",1.8418243696938892,0.008287886714101847
03_best,max_depth+min_child_weight,"{""enable_categorical"": true, ""learning_rate"": 0.01, ""max_depth"": 3, ""min_child_weight"": 5, ""n_estimators"": 400, ""objective"": ""count:poisson"", ""random_state"": 2026, ""verbosity"": 0}","{""2019/2020"": 1.827364776358904, ""2020/2021"": 1.843607848591742, ""2021/2022"": 1.844890873871994, ""2022/2023"": 1.8491268589255787, ""2023/2024"": 1.8440904346617815}",1.8418161584819999,0.008368469790890896
03_best,max_depth+min_child_weight,"{""enable_categorical"": true, ""learning_rate"": 0.01, ""max_depth"": 3, ""min_child_weight"": 10, ""n_estimators"": 400, ""objective"": ""count:poisson"", ""random_state"": 2026, ""verbosity"": 0}","{""2019/2020"": 1.827821501786627, ""2020/2021"": 1.8436278996688977, ""2021/2022"": 1.8448627028971853, ""2022/2023"": 1.849121065205566, ""2023/2024"": 1.8440904346617815}",1.8419047208440116,0.008168675427286885
03_best,max_depth+min_child_weight,"{""enable_categorical"": true, ""learning_rate"": 0.01, ""max_depth"": 3, ""min_child_weight"": 20, ""n_estimators"": 400, ""objective"": ""count:poisson"", ""random_state"": 2026, ""verbosity"": 0}","{""2019/2020"": 1.8283119561468537, ""2020/2021"": 1.8437928223240962, ""2021/2022"": 1.8448319806331719, ""2022/2023"": 1.849197814136429, ""2023/2024"": 1.8443939029331815}",1.8421056952347463,0.008001254790670724
03_best,max_depth+min_child_weight,"{""enable_categorical"": true, ""learning_rate"": 0.01, ""max_depth"": 3, ""min_child_weight"": 30, ""n_estimators"": 400, ""objective"": ""count:poisson"", ""random_state"": 2026, ""verbosity"": 0}","{""2019/2020"": 1.828844538121064, ""2020/2021"": 1.8438746739650564, ""2021/2022"": 1.844837474425548, ""2022/2023"": 1.8490921396593323, ""2023/2024"": 1.8444729487370783}",1.842224354981616,0.007758770609024474
03_best,max_depth+min_child_weight,"{""enable_categorical"": true, ""learning_rate"": 0.01, ""max_depth"": 4, ""min_child_weight"": 1, ""n_estimators"": 400, ""objective"": ""count:poisson"", ""random_state"": 2026, ""verbosity"": 0}","{""2019/2020"": 1.8381193934664701, ""2020/2021"": 1.8447469751224495, ""2021/2022"": 1.847530407650035, ""2022/2023"": 1.8485002057022255, ""2023/2024"": 1.8454149693091884}",1.8448623902500736,0.004066284790885752
03_best,max_depth+min_child_weight,"{""enable_categorical"": true, ""learning_rate"": 0.01, ""max_depth"": 4, ""min_child_weight"": 5, ""n_estimators"": 400, ""objective"": ""count:poisson"", ""random_state"": 2026, ""verbosity"": 0}","{""2019/2020"": 1.8389137093966383, ""2020/2021"": 1.844599403119919, ""2021/2022"": 1.847410706382012, ""2022/2023"": 1.8483646431868168, ""2023/2024"": 1.8452681027938975}",1.844911312975857,0.0036867428839900086
03_best,max_depth+min_child_weight,"{""enable_categorical"": true, ""learning_rate"": 0.01, ""max_depth"": 4, ""min_child_weight"": 10, ""n_estimators"": 400, ""objective"": ""count:poisson"", ""random_state"": 2026, ""verbosity"": 0}","{""2019/2020"": 1.8324706916379423, ""2020/2021"": 1.844381510937393, ""2021/2022"": 1.8473294214216156, ""2022/2023"": 1.8482885839816554, ""2023/2024"": 1.8453920951457605}",1.8435724606248733,0.006394753333429293
03_best,max_depth+min_child_weight,"{""enable_categorical"": true, ""learning_rate"": 0.01, ""max_depth"": 4, ""min_child_weight"": 20, ""n_estimators"": 400, ""objective"": ""count:poisson"", ""random_state"": 2026, ""verbosity"": 0}","{""2019/2020"": 1.8333091231099057, ""2020/2021"": 1.8447460617929368, ""2021/2022"": 1.8477404099906463, ""2022/2023"": 1.848411251169378, ""2023/2024"": 1.845571536377823}",1.8439556764881382,0.006139241898919597
03_best,max_depth+min_child_weight,"{""enable_categorical"": true, ""learning_rate"": 0.01, ""max_depth"": 4, ""min_child_weight"": 30, ""n_estimators"": 400, ""objective"": ""count:poisson"", ""random_state"": 2026, ""verbosity"": 0}","{""2019/2020"": 1.8304251777039455, ""2020/2021"": 1.844959945424771, ""2021/2022"": 1.8478308608002918, ""2022/2023"": 1.8484337764550776, ""2023/2024"": 1.846014002538769}",1.843532752584571,0.00745814603642975
03_best,max_depth+min_child_weight,"{""enable_categorical"": true, ""learning_rate"": 0.01, ""max_depth"": 5, ""min_child_weight"": 1, ""n_estimators"": 400, ""objective"": ""count:poisson"", ""random_state"": 2026, ""verbosity"": 0}","{""2019/2020"": 1.8481427782168227, ""2020/2021"": 1.8453492699396796, ""2021/2022"": 1.849244188708114, ""2022/2023"": 1.8504041549798713, ""2023/2024"": 1.844902963021505}",1.8476086709731987,0.002408353596889463
03_best,max_depth+min_child_weight,"{""enable_categorical"": true, ""learning_rate"": 0.01, ""max_depth"": 5, ""min_child_weight"": 5, ""n_estimators"": 400, ""objective"": ""count:poisson"", ""random_state"": 2026, ""verbosity"": 0}","{""2019/2020"": 1.8422408510409618, ""2020/2021"": 1.8445777452358563, ""2021/2022"": 1.8497016303800207, ""2022/2023"": 1.8503901683543964, ""2023/2024"": 1.845826054620477}",1.8465472899263424,0.0034518937135390253
03_best,max_depth+min_child_weight,"{""enable_categorical"": true, ""learning_rate"": 0.01, ""max_depth"": 5, ""min_child_weight"": 10, ""n_estimators"": 400, ""objective"": ""count:poisson"", ""random_state"": 2026, ""verbosity"": 0}","{""2019/2020"": 1.8345703331164627, ""2020/2021"": 1.8450841469532004, ""2021/2022"": 1.8498507221496714, ""2022/2023"": 1.8498901081545531, ""2023/2024"": 1.8459716962990549}",1.8450734013345886,0.006267873444515052
03_best,max_depth+min_child_weight,"{""enable_categorical"": true, ""learning_rate"": 0.01, ""max_depth"": 5, ""min_child_weight"": 20, ""n_estimators"": 400, ""objective"": ""count:poisson"", ""random_state"": 2026, ""verbosity"": 0}","{""2019/2020"": 1.835896578838958, ""2020/2021"": 1.8458961350188576, ""2021/2022"": 1.8501300991263543, ""2022/2023"": 1.8492862336428448, ""2023/2024"": 1.8463212120754473}",1.8455060517404924,0.005675169826151363
03_best,max_depth+min_child_weight,"{""enable_categorical"": true, ""learning_rate"": 0.01, ""max_depth"": 5, ""min_child_weight"": 30, ""n_estimators"": 400, ""objective"": ""count:poisson"", ""random_state"": 2026, ""verbosity"": 0}","{""2019/2020"": 1.8357546822975213, ""2020/2021"": 1.8458495157033106, ""2021/2022"": 1.848703413790989, ""2022/2023"": 1.8504648208088423, ""2023/2024"": 1.8465241235685959}",1.8454593112338518,0.005723749538864776
03_best,subsample+colsample_bytree,"{""colsample_bytree"": 0.5, ""enable_categorical"": true, ""learning_rate"": 0.01, ""max_depth"": 3, ""min_child_weight"": 5, ""n_estimators"": 400, ""objective"": ""count:poisson"", ""random_state"": 2026, ""subsample"": 0.5, ""verbosity"": 0}","{""2019/2020"": 1.820617119959309, ""2020/2021"": 1.8427376794956845, ""2021/2022"": 1.846422146029259, ""2022/2023"": 1.8470692688405135, ""2023/2024"": 1.845780664003605}",1.8405253756656745,0.011252171208545126
03_best,subsample+colsample_bytree,"{""colsample_bytree"": 0.6, ""enable_categorical"": true, ""learning_rate"": 0.01, ""max_depth"": 3, ""min_child_weight"": 5, ""n_estimators"": 400, ""objective"": ""count:poisson"", ""random_state"": 2026, ""subsample"": 0.5, ""verbosity"": 0}","{""2019/2020"": 1.8228530358317763, ""2020/2021"": 1.8422583980672056, ""2021/2022"": 1.8454092834079314, ""2022/2023"": 1.8481096091934301, ""2023/2024"": 1.8433318870365782}",1.8403924427073843,0.010055797644958576
03_best,subsample+colsample_bytree,"{""colsample_bytree"": 0.7, ""enable_categorical"": true, ""learning_rate"": 0.01, ""max_depth"": 3, ""min_child_weight"": 5, ""n_estimators"": 400, ""objective"": ""count:poisson"", ""random_state"": 2026, ""subsample"": 0.5, ""verbosity"": 0}","{""2019/2020"": 1.8228530358317763, ""2020/2021"": 1.8422583980672056, ""2021/2022"": 1.8454092834079314, ""2022/2023"": 1.8481096091934301, ""2023/2024"": 1.8433318870365782}",1.8403924427073843,0.010055797644958576
03_best,subsample+colsample_bytree,"{""colsample_bytree"": 0.8, ""enable_categorical"": true, ""learning_rate"": 0.01, ""max_depth"": 3, ""min_child_weight"": 5, ""n_estimators"": 400, ""objective"": ""count:poisson"", ""random_state"": 2026, ""subsample"": 0.5, ""verbosity"": 0}","{""2019/2020"": 1.824542664182524, ""2020/2021"": 1.8423339762683437, ""2021/2022"": 1.8447998792947826, ""2022/2023"": 1.8476857880728312, ""2023/2024"": 1.8426527481301789}",1.840403011189732,0.00912019514439381
03_best,subsample+colsample_bytree,"{""colsample_bytree"": 0.9, ""enable_categorical"": true, ""learning_rate"": 0.01, ""max_depth"": 3, ""min_child_weight"": 5, ""n_estimators"": 400, ""objective"": ""count:poisson"", ""random_state"": 2026, ""subsample"": 0.5, ""verbosity"": 0}","{""2019/2020"": 1.824542664182524, ""2020/2021"": 1.8423339762683437, ""2021/2022"": 1.8447998792947826, ""2022/2023"": 1.8476857880728312, ""2023/2024"": 1.8426527481301789}",1.840403011189732,0.00912019514439381
03_best,subsample+colsample_bytree,"{""colsample_bytree"": 1.0, ""enable_categorical"": true, ""learning_rate"": 0.01, ""max_depth"": 3, ""min_child_weight"": 5, ""n_estimators"": 400, ""objective"": ""count:poisson"", ""random_state"": 2026, ""subsample"": 0.5, ""verbosity"": 0}","{""2019/2020"": 1.8270289902059471, ""2020/2021"": 1.8420928356809387, ""2021/2022"": 1.8445032315427534, ""2022/2023"": 1.8490448759894387, ""2023/2024"": 1.841885400817762}",1.840911066847368,0.008278291709322528
03_best,subsample+colsample_bytree,"{""colsample_bytree"": 0.5, ""enable_categorical"": true, ""learning_rate"": 0.01, ""max_depth"": 3, ""min_child_weight"": 5, ""n_estimators"": 400, ""objective"": ""count:poisson"", ""random_state"": 2026, ""subsample"": 0.6, ""verbosity"": 0}","{""2019/2020"": 1.8208854628616602, ""2020/2021"": 1.8429060030718796, ""2021/2022"": 1.8459822250093083, ""2022/2023"": 1.846841831967011, ""2023/2024"": 1.8460822749697823}",1.8405395595759284,0.011089933619297651
03_best,subsample+colsample_bytree,"{""colsample_bytree"": 0.6, ""enable_categorical"": true, ""learning_rate"": 0.01, ""max_depth"": 3, ""min_child_weight"": 5, ""n_estimators"": 400, ""objective"": ""count:poisson"", ""random_state"": 2026, ""subsample"": 0.6, ""verbosity"": 0}","{""2019/2020"": 1.8240145256793918, ""2020/2021"": 1.8423593379469507, ""2021/2022"": 1.8451002530716683, ""2022/2023"": 1.84762437743659, ""2023/2024"": 1.843135700712466}",1.8404468389694135,0.009408505076905365
03_best,subsample+colsample_bytree,"{""colsample_bytree"": 0.7, ""enable_categorical"": true, ""learning_rate"": 0.01, ""max_depth"": 3, ""min_child_weight"": 5, ""n_estimators"": 400, ""objective"": ""count:poisson"", ""random_state"": 2026, ""subsample"": 0.6, ""verbosity"": 0}","{""2019/2020"": 1.8240145256793918, ""2020/2021"": 1.8423593379469507, ""2021/2022"": 1.8451002530716683, ""2022/2023"": 1.84762437743659, ""2023/2024"": 1.843135700712466}",1.8404468389694135,0.009408505076905365
03_best,subsample+colsample_bytree,"{""colsample_bytree"": 0.8, ""enable_categorical"": true, ""learning_rate"": 0.01, ""max_depth"": 3, ""min_child_weight"": 5, ""n_estimators"": 400, ""objective"": ""count:poisson"", ""random_state"": 2026, ""subsample"": 0.6, ""verbosity"": 0}","{""2019/2020"": 1.8262510208632408, ""2020/2021"": 1.8423870079678526, ""2021/2022"": 1.8448631786232192, ""2022/2023"": 1.847978529093051, ""2023/2024"": 1.8432030737127498}",1.840936562052023,0.00848400857458453
03_best,subsample+colsample_bytree,"{""colsample_bytree"": 0.9, ""enable_categorical"": true, ""learning_rate"": 0.01, ""max_depth"": 3, ""min_child_weight"": 5, ""n_estimators"": 400, ""objective"": ""count:poisson"", ""random_state"": 2026, ""subsample"": 0.6, ""verbosity"": 0}","{""2019/2020"": 1.8262510208632408, ""2020/2021"": 1.8423870079678526, ""2021/2022"": 1.8448631786232192, ""2022/2023"": 1.847978529093051, ""2023/2024"": 1.8432030737127498}",1.840936562052023,0.00848400857458453
03_best,subsample+colsample_bytree,"{""colsample_bytree"": 1.0, ""enable_categorical"": true, ""learning_rate"": 0.01, ""max_depth"": 3, ""min_child_weight"": 5, ""n_estimators"": 400, ""objective"": ""count:poisson"", ""random_state"": 2026, ""subsample"": 0.6, ""verbosity"": 0}","{""2019/2020"": 1.8272753001125088, ""2020/2021"": 1.8423815788239897, ""2021/2022"": 1.8442223134865439, ""2022/2023"": 1.8490995767506553, ""2023/2024"": 1.843066901215207}",1.841209134077781,0.008220644593261722
03_best,subsample+colsample_bytree,"{""colsample_bytree"": 0.5, ""enable_categorical"": true, ""learning_rate"": 0.01, ""max_depth"": 3, ""min_child_weight"": 5, ""n_estimators"": 400, ""objective"": ""count:poisson"", ""random_state"": 2026, ""subsample"": 0.7, ""verbosity"": 0}","{""2019/2020"": 1.820805009457433, ""2020/2021"": 1.8430035569232563, ""2021/2022"": 1.846076835465303, ""2022/2023"": 1.8467788469672992, ""2023/2024"": 1.8458325212528233}",1.840499354013223,0.011103166706067764
03_best,subsample+colsample_bytree,"{""colsample_bytree"": 0.6, ""enable_categorical"": true, ""learning_rate"": 0.01, ""max_depth"": 3, ""min_child_weight"": 5, ""n_estimators"": 400, ""objective"": ""count:poisson"", ""random_state"": 2026, ""subsample"": 0.7, ""verbosity"": 0}","{""2019/2020"": 1.8238393904144767, ""2020/2021"": 1.8424035044763891, ""2021/2022"": 1.8453988430250867, ""2022/2023"": 1.8479608143064221, ""2023/2024"": 1.843579922398433}",1.8406364949241614,0.009620998152621395
03_best,subsample+colsample_bytree,"{""colsample_bytree"": 0.7, ""enable_categorical"": true, ""learning_rate"": 0.01, ""max_depth"": 3, ""min_child_weight"": 5, ""n_estimators"": 400, ""objective"": ""count:poisson"", ""random_state"": 2026, ""subsample"": 0.7, ""verbosity"": 0}","{""2019/2020"": 1.8238393904144767, ""2020/2021"": 1.8424035044763891, ""2021/2022"": 1.8453988430250867, ""2022/2023"": 1.8479608143064221, ""2023/2024"": 1.843579922398433}",1.8406364949241614,0.009620998152621395
03_best,subsample+colsample_bytree,"{""colsample_bytree"": 0.8, ""enable_categorical"": true, ""learning_rate"": 0.01, ""max_depth"": 3, ""min_child_weight"": 5, ""n_estimators"": 400, ""objective"": ""count:poisson"", ""random_state"": 2026, ""subsample"": 0.7, ""verbosity"": 0}","{""2019/2020"": 1.826076458398492, ""2020/2021"": 1.8429013035381205, ""2021/2022"": 1.8450265478184087, ""2022/2023"": 1.8481069466179791, ""2023/2024"": 1.8432385933791755}",1.8410699699504351,0.008631854493505623
03_best,subsample+colsample_bytree,"{""colsample_bytree"": 0.9, ""enable_categorical"": true, ""learning_rate"": 0.01, ""max_depth"": 3, ""min_child_weight"": 5, ""n_estimators"": 400, ""objective"": ""count:poisson"", ""random_state"": 2026, ""subsample"": 0.7, ""verbosity"": 0}","{""2019/2020"": 1.826076458398492, ""2020/2021"": 1.8429013035381205, ""2021/2022"": 1.8450265478184087, ""2022/2023"": 1.8481069466179791, ""2023/2024"": 1.8432385933791755}",1.8410699699504351,0.008631854493505623
03_best,subsample+colsample_bytree,"{""colsample_bytree"": 1.0, ""enable_categorical"": true, ""learning_rate"": 0.01, ""max_depth"": 3, ""min_child_weight"": 5, ""n_estimators"": 400, ""objective"": ""count:poisson"", ""random_state"": 2026, ""subsample"": 0.7, ""verbosity"": 0}","{""2019/2020"": 1.827156669053948, ""2020/2021"": 1.8426644167723372, ""2021/2022"": 1.8447242318775032, ""2022/2023"": 1.8484767483432434, ""2023/2024"": 1.8430630159070278}",1.841217016390812,0.008188411289786408
03_best,subsample+colsample_bytree,"{""colsample_bytree"": 0.5, ""enable_categorical"": true, ""learning_rate"": 0.01, ""max_depth"": 3, ""min_child_weight"": 5, ""n_estimators"": 400, ""objective"": ""count:poisson"", ""random_state"": 2026, ""subsample"": 0.8, ""verbosity"": 0}","{""2019/2020"": 1.820617254446639, ""2020/2021"": 1.8430011420634969, ""2021/2022"": 1.8461497641475002, ""2022/2023"": 1.8464901296066039, ""2023/2024"": 1.8457745416785916}",1.8404065663885665,0.011148519079997258
03_best,subsample+colsample_bytree,"{""colsample_bytree"": 0.6, ""enable_categorical"": true, ""learning_rate"": 0.01, ""max_depth"": 3, ""min_child_weight"": 5, ""n_estimators"": 400, ""objective"": ""count:poisson"", ""random_state"": 2026, ""subsample"": 0.8, ""verbosity"": 0}","{""2019/2020"": 1.8239843194723624, ""2020/2021"": 1.8431436982105631, ""2021/2022"": 1.8454321150183124, ""2022/2023"": 1.8477680175791444, ""2023/2024"": 1.843773046705197}",1.8408202393971158,0.00958001500496232
03_best,subsample+colsample_bytree,"{""colsample_bytree"": 0.7, ""enable_categorical"": true, ""learning_rate"": 0.01, ""max_depth"": 3, ""min_child_weight"": 5, ""n_estimators"": 400, ""objective"": ""count:poisson"", ""random_state"": 2026, ""subsample"": 0.8, ""verbosity"": 0}","{""2019/2020"": 1.8239843194723624, ""2020/2021"": 1.8431436982105631, ""2021/2022"": 1.8454321150183124, ""2022/2023"": 1.8477680175791444, ""2023/2024"": 1.843773046705197}",1.8408202393971158,0.00958001500496232
03_best,subsample+colsample_bytree,"{""colsample_bytree"": 0.8, ""enable_categorical"": true, ""learning_rate"": 0.01, ""max_depth"": 3, ""min_child_weight"": 5, ""n_estimators"": 400, ""objective"": ""count:poisson"", ""random_state"": 2026, ""subsample"": 0.8, ""verbosity"": 0}","{""2019/2020"": 1.8269025105896253, ""2020/2021"": 1.8433031644444804, ""2021/2022"": 1.8448569445263507, ""2022/2023"": 1.8484994588308388, ""2023/2024"": 1.8435504078675509}",1.8414224972517694,0.008378152222012344
03_best,subsample+colsample_bytree,"{""colsample_bytree"": 0.9, ""enable_categorical"": true, ""learning_rate"": 0.01, ""max_depth"": 3, ""min_child_weight"": 5, ""n_estimators"": 400, ""objective"": ""count:poisson"", ""random_state"": 2026, ""subsample"": 0.8, ""verbosity"": 0}","{""2019/2020"": 1.8269025105896253, ""2020/2021"": 1.8433031644444804, ""2021/2022"": 1.8448569445263507, ""2022/2023"": 1.8484994588308388, ""2023/2024"": 1.8435504078675509}",1.8414224972517694,0.008378152222012344
03_best,subsample+colsample_bytree,"{""colsample_bytree"": 1.0, ""enable_categorical"": true, ""learning_rate"": 0.01, ""max_depth"": 3, ""min_child_weight"": 5, ""n_estimators"": 400, ""objective"": ""count:poisson"", ""random_state"": 2026, ""subsample"": 0.8, ""verbosity"": 0}","{""2019/2020"": 1.8276704363290996, ""2020/2021"": 1.8428946304060607, ""2021/2022"": 1.8443030635519584, ""2022/2023"": 1.8483390142688896, ""2023/2024"": 1.8433453449831}",1.8413104979078216,0.007922386787378877
03_best,subsample+colsample_bytree,"{""colsample_bytree"": 0.5, ""enable_categorical"": true, ""learning_rate"": 0.01, ""max_depth"": 3, ""min_child_weight"": 5, ""n_estimators"": 400, ""objective"": ""count:poisson"", ""random_state"": 2026, ""subsample"": 0.9, ""verbosity"": 0}","{""2019/2020"": 1.8210795200766372, ""2020/2021"": 1.8432014592100558, ""2021/2022"": 1.8462248934416117, ""2022/2023"": 1.8465444996895175, ""2023/2024"": 1.8454318895782655}",1.8404964523992173,0.010932597765588083
03_best,subsample+colsample_bytree,"{""colsample_bytree"": 0.6, ""enable_categorical"": true, ""learning_rate"": 0.01, ""max_depth"": 3, ""min_child_weight"": 5, ""n_estimators"": 400, ""objective"": ""count:poisson"", ""random_state"": 2026, ""subsample"": 0.9, ""verbosity"": 0}","{""2019/2020"": 1.8249706704957602, ""2020/2021"": 1.8434060212991972, ""2021/2022"": 1.8457398135319305, ""2022/2023"": 1.8478765616039332, ""2023/2024"": 1.8435605356167726}",1.8411107205095187,0.00920565481302746
03_best,subsample+colsample_bytree,"{""colsample_bytree"": 0.7, ""enable_categorical"": true, ""learning_rate"": 0.01, ""max_depth"": 3, ""min_child_weight"": 5, ""n_estimators"": 400, ""objective"": ""count:poisson"", ""random_state"": 2026, ""subsample"": 0.9, ""verbosity"": 0}","{""2019/2020"": 1.8249706704957602, ""2020/2021"": 1.8434060212991972, ""2021/2022"": 1.8457398135319305, ""2022/2023"": 1.8478765616039332, ""2023/2024"": 1.8435605356167726}",1.8411107205095187,0.00920565481302746
03_best,subsample+colsample_bytree,"{""colsample_bytree"": 0.8, ""enable_categorical"": true, ""learning_rate"": 0.01, ""max_depth"": 3, ""min_child_weight"": 5, ""n_estimators"": 400, ""objective"": ""count:poisson"", ""random_state"": 2026, ""subsample"": 0.9, ""verbosity"": 0}","{""2019/2020"": 1.8270708252351089, ""2020/2021"": 1.8439557325843687, ""2021/2022"": 1.8449041878332526, ""2022/2023"": 1.848167430020953, ""2023/2024"": 1.8437317999306104}",1.8415659951208585,0.008295088591456659
03_best,subsample+colsample_bytree,"{""colsample_bytree"": 0.9, ""enable_categorical"": true, ""learning_rate"": 0.01, ""max_depth"": 3, ""min_child_weight"": 5, ""n_estimators"": 400, ""objective"": ""count:poisson"", ""random_state"": 2026, ""subsample"": 0.9, ""verbosity"": 0}","{""2019/2020"": 1.8270708252351089, ""2020/2021"": 1.8439557325843687, ""2021/2022"": 1.8449041878332526, ""2022/2023"": 1.848167430020953, ""2023/2024"": 1.8437317999306104}",1.8415659951208585,0.008295088591456659
03_best,subsample+colsample_bytree,"{""colsample_bytree"": 1.0, ""enable_categorical"": true, ""learning_rate"": 0.01, ""max_depth"": 3, ""min_child_weight"": 5, ""n_estimators"": 400, ""objective"": ""count:poisson"", ""random_state"": 2026, ""subsample"": 0.9, ""verbosity"": 0}","{""2019/2020"": 1.8275175646139559, ""2020/2021"": 1.843004056156615, ""2021/2022"": 1.8443431544319966, ""2022/2023"": 1.8484514508436583, ""2023/2024"": 1.8437571832242758}",1.8414146818541002,0.008050393785104287
03_best,subsample+colsample_bytree,"{""colsample_bytree"": 0.5, ""enable_categorical"": true, ""learning_rate"": 0.01, ""max_depth"": 3, ""min_child_weight"": 5, ""n_estimators"": 400, ""objective"": ""count:poisson"", ""random_state"": 2026, ""subsample"": 1.0, ""verbosity"": 0}","{""2019/2020"": 1.8200801892400347, ""2020/2021"": 1.843974181449607, ""2021/2022"": 1.8463914951056906, ""2022/2023"": 1.8464797389595606, ""2023/2024"": 1.8458415038165528}",1.840553421714289,0.011489375466565963
03_best,subsample+colsample_bytree,"{""colsample_bytree"": 0.6, ""enable_categorical"": true, ""learning_rate"": 0.01, ""max_depth"": 3, ""min_child_weight"": 5, ""n_estimators"": 400, ""objective"": ""count:poisson"", ""random_state"": 2026, ""subsample"": 1.0, ""verbosity"": 0}","{""2019/2020"": 1.8263176583909257, ""2020/2021"": 1.8444240727632646, ""2021/2022"": 1.8458315452584377, ""2022/2023"": 1.8482848114336263, ""2023/2024"": 1.8434537991608533}",1.8416623774014216,0.008768340034375707
03_best,subsample+colsample_bytree,"{""colsample_bytree"": 0.7, ""enable_categorical"": true, ""learning_rate"": 0.01, ""max_depth"": 3, ""min_child_weight"": 5, ""n_estimators"": 400, ""objective"": ""count:poisson"", ""random_state"": 2026, ""subsample"": 1.0, ""verbosity"": 0}","{""2019/2020"": 1.8263176583909257, ""2020/2021"": 1.8444240727632646, ""2021/2022"": 1.8458315452584377, ""2022/2023"": 1.8482848114336263, ""2023/2024"": 1.8434537991608533}",1.8416623774014216,0.008768340034375707
03_best,subsample+colsample_bytree,"{""colsample_bytree"": 0.8, ""enable_categorical"": true, ""learning_rate"": 0.01, ""max_depth"": 3, ""min_child_weight"": 5, ""n_estimators"": 400, ""objective"": ""count:poisson"", ""random_state"": 2026, ""subsample"": 1.0, ""verbosity"": 0}","{""2019/2020"": 1.828759175775814, ""2020/2021"": 1.8449816412798286, ""2021/2022"": 1.8456183359069134, ""2022/2023"": 1.8482160794053413, ""2023/2024"": 1.8436900592850654}",1.8422530583305927,0.007721361870806231
03_best,subsample+colsample_bytree,"{""colsample_bytree"": 0.9, ""enable_categorical"": true, ""learning_rate"": 0.01, ""max_depth"": 3, ""min_child_weight"": 5, ""n_estimators"": 400, ""objective"": ""count:poisson"", ""random_state"": 2026, ""subsample"": 1.0, ""verbosity"": 0}","{""2019/2020"": 1.828759175775814, ""2020/2021"": 1.8449816412798286, ""2021/2022"": 1.8456183359069134, ""2022/2023"": 1.8482160794053413, ""2023/2024"": 1.8436900592850654}",1.8422530583305927,0.007721361870806231
03_best,subsample+colsample_bytree,"{""colsample_bytree"": 1.0, ""enable_categorical"": true, ""learning_rate"": 0.01, ""max_depth"": 3, ""min_child_weight"": 5, ""n_estimators"": 400, ""objective"": ""count:poisson"", ""random_state"": 2026, ""subsample"": 1.0, ""verbosity"": 0}","{""2019/2020"": 1.827364776358904, ""2020/2021"": 1.843607848591742, ""2021/2022"": 1.844890873871994, ""2022/2023"": 1.8491268589255787, ""2023/2024"": 1.8440904346617815}",1.8418161584819999,0.008368469790890896
03_best,reg_alpha+reg_lambda,"{""colsample_bytree"": 0.6, ""enable_categorical"": true, ""learning_rate"": 0.01, ""max_depth"": 3, ""min_child_weight"": 5, ""n_estimators"": 400, ""objective"": ""count:poisson"", ""random_state"": 2026, ""reg_alpha"": 0, ""reg_lambda"": 0.1, ""subsample"": 0.5, ""verbosity"": 0}","{""2019/2020"": 1.8227265703522535, ""2020/2021"": 1.8422310929627033, ""2021/2022"": 1.8454603045643971, ""2022/2023"": 1.8480986845255172, ""2023/2024"": 1.843284170882645}",1.8403601646575034,0.010110513711819261
03_best,reg_alpha+reg_lambda,"{""colsample_bytree"": 0.6, ""enable_categorical"": true, ""learning_rate"": 0.01, ""max_depth"": 3, ""min_child_weight"": 5, ""n_estimators"": 400, ""objective"": ""count:poisson"", ""random_state"": 2026, ""reg_alpha"": 0, ""reg_lambda"": 0.5, ""subsample"": 0.5, ""verbosity"": 0}","{""2019/2020"": 1.8225748986134092, ""2020/2021"": 1.8423170421098893, ""2021/2022"": 1.8453972638684766, ""2022/2023"": 1.8480746271453363, ""2023/2024"": 1.8433823420569586}",1.8403492347588137,0.010175501418610624
03_best,reg_alpha+reg_lambda,"{""colsample_bytree"": 0.6, ""enable_categorical"": true, ""learning_rate"": 0.01, ""max_depth"": 3, ""min_child_weight"": 5, ""n_estimators"": 400, ""objective"": ""count:poisson"", ""random_state"": 2026, ""reg_alpha"": 0, ""reg_lambda"": 1.0, ""subsample"": 0.5, ""verbosity"": 0}","{""2019/2020"": 1.8228530358317763, ""2020/2021"": 1.8422583980672056, ""2021/2022"": 1.8454092834079314, ""2022/2023"": 1.8481096091934301, ""2023/2024"": 1.8433318870365782}",1.8403924427073843,0.010055797644958576
03_best,reg_alpha+reg_lambda,"{""colsample_bytree"": 0.6, ""enable_categorical"": true, ""learning_rate"": 0.01, ""max_depth"": 3, ""min_child_weight"": 5, ""n_estimators"": 400, ""objective"": ""count:poisson"", ""random_state"": 2026, ""reg_alpha"": 0, ""reg_lambda"": 5.0, ""subsample"": 0.5, ""verbosity"": 0}","{""2019/2020"": 1.8222409932360906, ""2020/2021"": 1.8423255200015545, ""2021/2022"": 1.8454663897206207, ""2022/2023"": 1.8482091122708233, ""2023/2024"": 1.8437489533643634}",1.8403981937186906,0.010384160600537835
03_best,reg_alpha+reg_lambda,"{""colsample_bytree"": 0.6, ""enable_categorical"": true, ""learning_rate"": 0.01, ""max_depth"": 3, ""min_child_weight"": 5, ""n_estimators"": 400, ""objective"": ""count:poisson"", ""random_state"": 2026, ""reg_alpha"": 1, ""reg_lambda"": 0.1, ""subsample"": 0.5, ""verbosity"": 0}","{""2019/2020"": 1.8225151590100386, ""2020/2021"": 1.8423713022905046, ""2021/2022"": 1.845451955691857, ""2022/2023"": 1.8480621702427775, ""2023/2024"": 1.8433177530366163}",1.8403436680543588,0.010203946484580475
03_best,reg_alpha+reg_lambda,"{""colsample_bytree"": 0.6, ""enable_categorical"": true, ""learning_rate"": 0.01, ""max_depth"": 3, ""min_child_weight"": 5, ""n_estimators"": 400, ""objective"": ""count:poisson"", ""random_state"": 2026, ""reg_alpha"": 1, ""reg_lambda"": 0.5, ""subsample"": 0.5, ""verbosity"": 0}","{""2019/2020"": 1.8224946457791766, ""2020/2021"": 1.8423729814796397, ""2021/2022"": 1.8454021321676095, ""2022/2023"": 1.8481094005174503, ""2023/2024"": 1.8434064963888812}",1.8403571312665516,0.010222284237728786
03_best,reg_alpha+reg_lambda,"{""colsample_bytree"": 0.6, ""enable_categorical"": true, ""learning_rate"": 0.01, ""max_depth"": 3, ""min_child_weight"": 5, ""n_estimators"": 400, ""objective"": ""count:poisson"", ""random_state"": 2026, ""reg_alpha"": 1, ""reg_lambda"": 1.0, ""subsample"": 0.5, ""verbosity"": 0}","{""2019/2020"": 1.8226993740833297, ""2020/2021"": 1.8424564881594037, ""2021/2022"": 1.8454213929261287, ""2022/2023"": 1.8480899844171124, ""2023/2024"": 1.8433812498627964}",1.8404096978897542,0.010133840944389853
03_best,reg_alpha+reg_lambda,"{""colsample_bytree"": 0.6, ""enable_categorical"": true, ""learning_rate"": 0.01, ""max_depth"": 3, ""min_child_weight"": 5, ""n_estimators"": 400, ""objective"": ""count:poisson"", ""random_state"": 2026, ""reg_alpha"": 1, ""reg_lambda"": 5.0, ""subsample"": 0.5, ""verbosity"": 0}","{""2019/2020"": 1.82225140046757, ""2020/2021"": 1.8424098470035628, ""2021/2022"": 1.8455087013745275, ""2022/2023"": 1.8481519894987521, ""2023/2024"": 1.8437259382461428}",1.8404095753181111,0.010376231585608048
03_best,reg_alpha+reg_lambda,"{""colsample_bytree"": 0.6, ""enable_categorical"": true, ""learning_rate"": 0.01, ""max_depth"": 3, ""min_child_weight"": 5, ""n_estimators"": 400, ""objective"": ""count:poisson"", ""random_state"": 2026, ""reg_alpha"": 5, ""reg_lambda"": 0.1, ""subsample"": 0.5, ""verbosity"": 0}","{""2019/2020"": 1.8218849446631333, ""2020/2021"": 1.842912844108179, ""2021/2022"": 1.845532067927999, ""2022/2023"": 1.8482812212328348, ""2023/2024"": 1.8436544378350694}",1.8404531031534432,0.010584785010517805
03_best,reg_alpha+reg_lambda,"{""colsample_bytree"": 0.6, ""enable_categorical"": true, ""learning_rate"": 0.01, ""max_depth"": 3, ""min_child_weight"": 5, ""n_estimators"": 400, ""objective"": ""count:poisson"", ""random_state"": 2026, ""reg_alpha"": 5, ""reg_lambda"": 0.5, ""subsample"": 0.5, ""verbosity"": 0}","{""2019/2020"": 1.821869062793216, ""2020/2021"": 1.8429455505844994, ""2021/2022"": 1.8455491212940278, ""2022/2023"": 1.848267232863928, ""2023/2024"": 1.8436854650587247}",1.8404632865188795,0.010595476857020652
03_best,reg_alpha+reg_lambda,"{""colsample_bytree"": 0.6, ""enable_categorical"": true, ""learning_rate"": 0.01, ""max_depth"": 3, ""min_child_weight"": 5, ""n_estimators"": 400, ""objective"": ""count:poisson"", ""random_state"": 2026, ""reg_alpha"": 5, ""reg_lambda"": 1.0, ""subsample"": 0.5, ""verbosity"": 0}","{""2019/2020"": 1.8218591522025716, ""2020/2021"": 1.8429104584397231, ""2021/2022"": 1.8455523576349773, ""2022/2023"": 1.8482543947491825, ""2023/2024"": 1.843786367643954}",1.8404725461340816,0.010603595095672116
03_best,reg_alpha+reg_lambda,"{""colsample_bytree"": 0.6, ""enable_categorical"": true, ""learning_rate"": 0.01, ""max_depth"": 3, ""min_child_weight"": 5, ""n_estimators"": 400, ""objective"": ""count:poisson"", ""random_state"": 2026, ""reg_alpha"": 5, ""reg_lambda"": 5.0, ""subsample"": 0.5, ""verbosity"": 0}","{""2019/2020"": 1.8215805153279718, ""2020/2021"": 1.8429450640676133, ""2021/2022"": 1.8456659813461946, ""2022/2023"": 1.8483746573099251, ""2023/2024"": 1.8438921417813467}",1.8404916719666105,0.010771827939721838
03_best,reg_alpha+reg_lambda,"{""colsample_bytree"": 0.6, ""enable_categorical"": true, ""learning_rate"": 0.01, ""max_depth"": 3, ""min_child_weight"": 5, ""n_estimators"": 400, ""objective"": ""count:poisson"", ""random_state"": 2026, ""reg_alpha"": 10, ""reg_lambda"": 0.1, ""subsample"": 0.5, ""verbosity"": 0}","{""2019/2020"": 1.8215203095239092, ""2020/2021"": 1.84339652886204, ""2021/2022"": 1.8458444549626856, ""2022/2023"": 1.84839436401314, ""2023/2024"": 1.844248598246874}",1.8406808511217299,0.01087877710512868
03_best,reg_alpha+reg_lambda,"{""colsample_bytree"": 0.6, ""enable_categorical"": true, ""learning_rate"": 0.01, ""max_depth"": 3, ""min_child_weight"": 5, ""n_estimators"": 400, ""objective"": ""count:poisson"", ""random_state"": 2026, ""reg_alpha"": 10, ""reg_lambda"": 0.5, ""subsample"": 0.5, ""verbosity"": 0}","{""2019/2020"": 1.8214503004964633, ""2020/2021"": 1.8434470554134377, ""2021/2022"": 1.8458262884536143, ""2022/2023"": 1.848365952086411, ""2023/2024"": 1.844186627581597}",1.8406552448063045,0.010900567139806397
03_best,reg_alpha+reg_lambda,"{""colsample_bytree"": 0.6, ""enable_categorical"": true, ""learning_rate"": 0.01, ""max_depth"": 3, ""min_child_weight"": 5, ""n_estimators"": 400, ""objective"": ""count:poisson"", ""random_state"": 2026, ""reg_alpha"": 10, ""reg_lambda"": 1.0, ""subsample"": 0.5, ""verbosity"": 0}","{""2019/2020"": 1.8214292578558258, ""2020/2021"": 1.8433867192779225, ""2021/2022"": 1.8458354600542108, ""2022/2023"": 1.8483973097532382, ""2023/2024"": 1.8442314029382156}",1.8406560299758827,0.010916302379563316
03_best,reg_alpha+reg_lambda,"{""colsample_bytree"": 0.6, ""enable_categorical"": true, ""learning_rate"": 0.01, ""max_depth"": 3, ""min_child_weight"": 5, ""n_estimators"": 400, ""objective"": ""count:poisson"", ""random_state"": 2026, ""reg_alpha"": 10, ""reg_lambda"": 5.0, ""subsample"": 0.5, ""verbosity"": 0}","{""2019/2020"": 1.821395324196097, ""2020/2021"": 1.8434153364446124, ""2021/2022"": 1.8458813485599874, ""2022/2023"": 1.848412461293906, ""2023/2024"": 1.8443424178511432}",1.840689377669149,0.010950326886034995
03_best,reg_alpha+reg_lambda,"{""colsample_bytree"": 0.6, ""enable_categorical"": true, ""learning_rate"": 0.01, ""max_depth"": 3, ""min_child_weight"": 5, ""n_estimators"": 400, ""objective"": ""count:poisson"", ""random_state"": 2026, ""reg_alpha"": 20, ""reg_lambda"": 0.1, ""subsample"": 0.5, ""verbosity"": 0}","{""2019/2020"": 1.8213903539645058, ""2020/2021"": 1.8438741990549496, ""2021/2022"": 1.8462709658225114, ""2022/2023"": 1.8485322483800586, ""2023/2024"": 1.8450324477692939}",1.8410200429982637,0.01110828193971746
03_best,reg_alpha+reg_lambda,"{""colsample_bytree"": 0.6, ""enable_categorical"": true, ""learning_rate"": 0.01, ""max_depth"": 3, ""min_child_weight"": 5, ""n_estimators"": 400, ""objective"": ""count:poisson"", ""random_state"": 2026, ""reg_alpha"": 20, ""reg_lambda"": 0.5, ""subsample"": 0.5, ""verbosity"": 0}","{""2019/2020"": 1.821335655133582, ""2020/2021"": 1.843871527471984, ""2021/2022"": 1.8462910852994885, ""2022/2023"": 1.8485099835507381, ""2023/2024"": 1.8450212233072325}",1.841005894952605,0.011129888013373031
03_best,reg_alpha+reg_lambda,"{""colsample_bytree"": 0.6, ""enable_categorical"": true, ""learning_rate"": 0.01, ""max_depth"": 3, ""min_child_weight"": 5, ""n_estimators"": 400, ""objective"": ""count:poisson"", ""random_state"": 2026, ""reg_alpha"": 20, ""reg_lambda"": 1.0, ""subsample"": 0.5, ""verbosity"": 0}","{""2019/2020"": 1.8213604520933286, ""2020/2021"": 1.8438871555143392, ""2021/2022"": 1.8462849020800278, ""2022/2023"": 1.848502078656155, ""2023/2024"": 1.8450326099029788}",1.841013439649366,0.011118901953540254
03_best,reg_alpha+reg_lambda,"{""colsample_bytree"": 0.6, ""enable_categorical"": true, ""learning_rate"": 0.01, ""max_depth"": 3, ""min_child_weight"": 5, ""n_estimators"": 400, ""objective"": ""count:poisson"", ""random_state"": 2026, ""reg_alpha"": 20, ""reg_lambda"": 5.0, ""subsample"": 0.5, ""verbosity"": 0}","{""2019/2020"": 1.8213241884187912, ""2020/2021"": 1.8438646095145055, ""2021/2022"": 1.8462737730474992, ""2022/2023"": 1.848516736614427, ""2023/2024"": 1.8450556703888417}",1.841006995596813,0.011136716057124704
